<?xml version="1.0" encoding="UTF-8"?>
<project-private xmlns="http://www.netbeans.org/ns/project-private/1">
    <editor-bookmarks xmlns="http://www.netbeans.org/ns/editor-bookmarks/2" lastBookmarkId="0"/>
    <open-files xmlns="http://www.netbeans.org/ns/projectui-open-files/2">
        <group>
            <file>file:/C:/Users/My/Downloads/Computer%20exam/OnlineExam/src/onlineexam/Paper.java</file>
            <file>file:/C:/Users/My/Downloads/Computer%20exam/OnlineExam/src/onlineexam/Login.java</file>
            <file>file:/C:/Users/My/Downloads/Computer%20exam/OnlineExam/src/onlineexam/Home.java</file>
            <file>file:/C:/Users/My/Downloads/Computer%20exam/OnlineExam/src/onlineexam/DBConnect.java</file>
            <file>file:/C:/Users/My/Downloads/Computer%20exam/OnlineExam/src/onlineexam/AddStudent.java</file>
            <file>file:/C:/Users/My/Downloads/Computer%20exam/OnlineExam/src/onlineexam/CreatePaper.java</file>
            <file>file:/C:/Users/My/Downloads/Computer%20exam/OnlineExam/src/onlineexam/Result.java</file>
            <file>file:/C:/Users/My/Downloads/Computer%20exam/OnlineExam/src/onlineexam/OnlineExam.java</file>
            <file>file:/C:/Users/My/Downloads/Computer%20exam/OnlineExam/src/onlineexam/ExamLogin.java</file>
        </group>
    </open-files>
</project-private>
